ID;BUS;P_MW;Q_MVAr;S_MVA;Loading_P;Loading_Q
1;4;0.0;0.0;0.0;0.0;0.0
2;4;0.0;0.0;0.0;0.0;0.0
3;5;0.0;0.0;0.0;0.0;0.0
4;11;28.0;0.0;28.0;1.0;0.0
5;11;0.0;0.0;0.0;0.0;0.0
6;17;0.0;0.0;0.0;0.0;0.0
7;19;0.0;0.0;0.0;0.0;0.0
8;22;0.0;0.0;0.0;0.0;0.0
9;24;0.0;0.0;0.0;0.0;0.0
10;24;0.0;0.0;0.0;0.0;0.0
11;25;0.0;0.0;0.0;0.0;0.0
12;25;0.0;0.0;0.0;0.0;0.0
13;40;0.0;0.0;0.0;0.0;0.0
14;47;16.0;0.0;16.0;1.0;0.0
15;47;0.0;0.0;0.0;0.0;0.0
16;48;0.0;0.0;0.0;0.0;0.0
17;48;0.0;0.0;0.0;0.0;0.0
18;57;13.0;0.0;13.0;1.0;0.0
19;64;0.0;0.0;0.0;0.0;0.0
20;64;0.0;0.0;0.0;0.0;0.0
21;69;0.0;0.0;0.0;0.0;0.0
22;70;0.0;0.0;0.0;0.0;0.0
23;85;0.0;0.0;0.0;0.0;0.0
24;86;0.0;0.0;0.0;0.0;0.0
25;102;0.0;0.0;0.0;0.0;0.0
26;122;0.0;0.0;0.0;0.0;0.0
27;124;0.0;0.0;0.0;0.0;0.0
28;125;26.0;0.0;26.0;1.0;0.0
29;125;0.0;0.0;0.0;0.0;0.0
30;132;0.0;0.0;0.0;0.0;0.0
31;132;0.0;0.0;0.0;0.0;0.0
32;132;0.0;0.0;0.0;0.0;0.0
33;132;0.0;0.0;0.0;0.0;0.0
34;137;0.0;0.0;0.0;0.0;0.0
35;137;18.0;0.0;18.0;1.0;0.0
36;155;0.0;0.0;0.0;0.0;0.0
37;158;17.9;0.0;17.9;1.0;0.0
38;158;0.0;0.0;0.0;0.0;0.0
39;176;0.0;0.0;0.0;0.0;0.0
40;187;0.0;0.0;0.0;0.0;0.0
41;187;0.0;0.0;0.0;0.0;0.0
42;190;0.0;0.0;0.0;0.0;0.0
43;192;0.0;0.0;0.0;0.0;0.0
44;194;15.0;0.0;15.0;1.0;0.0
45;194;15.0;0.0;15.0;1.0;0.0
46;217;0.0;0.0;0.0;0.0;0.0
47;224;0.0;0.0;0.0;0.0;0.0
48;227;0.0;0.0;0.0;0.0;0.0
49;236;0.0;0.0;0.0;0.0;0.0
50;236;0.0;0.0;0.0;0.0;0.0
51;238;0.0;0.0;0.0;0.0;0.0
52;238;36.0;0.0;36.0;1.0;0.0
53;246;0.0;0.0;0.0;0.0;0.0
54;246;0.0;0.0;0.0;0.0;0.0
55;246;0.0;0.0;0.0;0.0;0.0
56;246;0.0;0.0;0.0;0.0;0.0
57;256;26.0;0.0;26.0;1.0;0.0
58;256;0.0;0.0;0.0;0.0;0.0
59;258;0.0;0.0;0.0;0.0;0.0
60;261;0.0;0.0;0.0;0.0;0.0
61;269;0.0;0.0;0.0;0.0;0.0
62;282;0.0;0.0;0.0;0.0;0.0
63;295;0.0;0.0;0.0;0.0;0.0
64;296;12.0;0.0;12.0;1.0;0.0
65;305;0.0;0.0;0.0;0.0;0.0
66;312;0.0;0.0;0.0;0.0;0.0
67;312;0.0;0.0;0.0;0.0;0.0
68;317;0.0;0.0;0.0;0.0;0.0
69;317;0.0;0.0;0.0;0.0;0.0
70;319;0.0;0.0;0.0;0.0;0.0
71;325;0.0;0.0;0.0;0.0;0.0
72;332;0.0;0.0;0.0;0.0;0.0
73;333;0.0;0.0;0.0;0.0;0.0
74;336;0.0;0.0;0.0;0.0;0.0
75;338;0.0;0.0;0.0;0.0;0.0
76;338;0.0;0.0;0.0;0.0;0.0
77;345;0.0;0.0;0.0;0.0;0.0
78;345;0.0;0.0;0.0;0.0;0.0
79;348;0.0;0.0;0.0;0.0;0.0
80;357;0.0;0.0;0.0;0.0;0.0
81;357;0.0;0.0;0.0;0.0;0.0
82;364;130.0;0.0;130.0;1.0;0.0
83;391;0.0;0.0;0.0;0.0;0.0
84;409;0.0;0.0;0.0;0.0;0.0
85;411;0.0;0.0;0.0;0.0;0.0
86;411;0.0;0.0;0.0;0.0;0.0
87;431;0.0;0.0;0.0;0.0;0.0
88;440;0.0;0.0;0.0;0.0;0.0
89;447;25.0;0.0;25.0;1.0;0.0
90;462;0.0;0.0;0.0;0.0;0.0
91;462;0.0;0.0;0.0;0.0;0.0
92;464;27.0;0.0;27.0;1.0;0.0
93;464;27.0;0.0;27.0;1.0;0.0
94;466;0.0;0.0;0.0;-0.0;0.0
95;470;0.0;0.0;0.0;0.0;0.0
96;470;0.0;0.0;0.0;0.0;0.0
97;479;0.0;0.0;0.0;0.0;0.0
98;479;0.0;0.0;0.0;0.0;0.0
99;479;0.0;0.0;0.0;0.0;0.0
100;491;0.0;0.0;0.0;0.0;0.0
101;508;0.0;0.0;0.0;0.0;0.0
102;519;0.0;0.0;0.0;0.0;0.0
103;520;0.0;0.0;0.0;0.0;0.0
104;530;8.0;0.0;8.0;1.0;0.0
105;530;8.0;0.0;8.0;1.0;0.0
106;530;8.0;0.0;8.0;1.0;0.0
107;537;0.0;0.0;0.0;0.0;0.0
108;537;0.0;0.0;0.0;0.0;0.0
109;546;0.0;0.0;0.0;0.0;0.0
110;548;0.0;0.0;0.0;0.0;0.0
111;570;0.0;0.0;0.0;0.0;0.0
112;570;0.0;0.0;0.0;0.0;0.0
113;570;0.0;0.0;0.0;0.0;0.0
114;583;0.0;0.0;0.0;0.0;0.0
115;585;0.0;0.0;0.0;0.0;0.0
116;586;0.0;0.0;0.0;0.0;0.0
117;589;0.0;0.0;0.0;0.0;0.0
118;593;0.0;0.0;0.0;0.0;0.0
119;600;0.0;0.0;0.0;0.0;0.0
120;610;45.0;0.0;45.0;1.0;0.0
121;610;0.0;0.0;0.0;0.0;0.0
122;612;0.0;0.0;0.0;0.0;0.0
123;612;0.0;0.0;0.0;0.0;0.0
124;612;0.0;0.0;0.0;0.0;0.0
125;613;0.0;0.0;0.0;0.0;0.0
126;613;0.0;0.0;0.0;0.0;0.0
127;624;-8.3;0.0;-8.3;0.0;0.0
128;633;0.0;0.0;0.0;0.0;0.0
129;636;0.0;0.0;0.0;0.0;0.0
130;636;15.0;0.0;15.0;1.0;0.0
131;646;239.0;0.0;239.0;1.0;0.0
132;657;0.0;0.0;0.0;0.0;0.0
133;675;0.0;0.0;0.0;0.0;0.0
134;675;0.0;0.0;0.0;0.0;0.0
135;676;0.0;0.0;0.0;0.0;0.0
136;676;0.0;0.0;0.0;0.0;0.0
137;684;0.0;0.0;0.0;0.0;0.0
138;685;0.0;0.0;0.0;0.0;0.0
139;689;9.0;0.0;9.0;1.0;0.0
140;689;0.0;0.0;0.0;0.0;0.0
141;689;0.0;0.0;0.0;0.0;0.0
142;689;0.0;0.0;0.0;0.0;0.0
143;700;0.0;0.0;0.0;0.0;0.0
144;700;0.0;0.0;0.0;0.0;0.0
145;700;0.0;0.0;0.0;0.0;0.0
146;704;0.0;0.0;0.0;0.0;0.0
147;704;0.0;0.0;0.0;0.0;0.0
148;703;37.0;0.0;37.0;1.0;0.0
149;703;37.0;0.0;37.0;1.0;0.0
150;702;0.0;0.0;0.0;0.0;0.0
151;702;37.0;0.0;37.0;1.0;0.0
152;710;0.0;0.0;0.0;0.0;0.0
153;710;0.0;0.0;0.0;0.0;0.0
154;710;5.7;0.0;5.7;1.0;0.0
155;710;0.0;0.0;0.0;0.0;0.0
156;737;0.0;0.0;0.0;0.0;0.0
157;738;0.0;0.0;0.0;0.0;0.0
158;739;0.0;0.0;0.0;0.0;0.0
159;739;0.0;0.0;0.0;0.0;0.0
160;741;0.0;0.0;0.0;0.0;0.0
161;741;0.0;0.0;0.0;0.0;0.0
162;742;0.0;0.0;0.0;0.0;0.0
163;749;0.0;0.0;0.0;0.0;0.0
164;749;0.0;0.0;0.0;0.0;0.0
165;750;0.0;0.0;0.0;0.0;0.0
166;751;1.0;0.0;1.0;0.0;0.0
167;756;0.0;0.0;0.0;0.0;0.0
168;763;0.0;0.0;0.0;0.0;0.0
169;765;0.0;0.0;0.0;0.0;0.0
170;766;0.0;0.0;0.0;0.0;0.0
171;765;0.0;0.0;0.0;0.0;0.0
172;766;0.0;0.0;0.0;0.0;0.0
173;767;0.0;0.0;0.0;0.0;0.0
174;767;0.0;0.0;0.0;0.0;0.0
175;767;0.0;0.0;0.0;0.0;0.0
176;767;0.0;0.0;0.0;0.0;0.0
177;771;0.0;0.0;0.0;0.0;0.0
178;771;34.0;0.0;34.0;1.0;0.0
179;791;0.0;0.0;0.0;0.0;0.0
180;791;0.0;0.0;0.0;0.0;0.0
181;792;0.0;0.0;0.0;0.0;0.0
182;806;0.0;0.0;0.0;0.0;0.0
183;806;0.0;0.0;0.0;0.0;0.0
184;807;0.0;0.0;0.0;0.0;0.0
185;807;31.0;0.0;31.0;1.0;0.0
186;808;31.0;0.0;31.0;1.0;0.0
187;808;0.0;0.0;0.0;0.0;0.0
188;812;40.8;0.0;40.8;1.0;0.0
189;820;32.0;0.0;32.0;1.0;0.0
190;820;0.0;0.0;0.0;-0.0;0.0
191;821;32.0;0.0;32.0;1.0;0.0
192;821;1.0;0.0;1.0;0.0;0.0
193;821;32.0;0.0;32.0;1.0;0.0
194;821;32.0;0.0;32.0;1.0;0.0
195;831;0.0;0.0;0.0;0.0;0.0
196;831;0.0;0.0;0.0;0.0;0.0
197;834;0.0;0.0;0.0;0.0;0.0
198;835;27.0;0.0;27.0;1.0;0.0
199;836;0.0;0.0;0.0;0.0;0.0
200;838;0.0;0.0;0.0;0.0;0.0
201;838;0.0;0.0;0.0;0.0;0.0
202;841;0.0;0.0;0.0;0.0;0.0
203;843;0.0;0.0;0.0;0.0;0.0
204;843;0.0;0.0;0.0;0.0;0.0
205;862;0.0;0.0;0.0;0.0;0.0
206;862;0.0;0.0;0.0;0.0;0.0
207;869;0.0;0.0;0.0;0.0;0.0
208;870;14.0;0.0;14.0;1.0;0.0
209;890;0.0;0.0;0.0;0.0;0.0
210;890;0.0;0.0;0.0;0.0;0.0
211;894;0.0;0.0;0.0;0.0;0.0
212;894;0.0;0.0;0.0;0.0;0.0
213;894;0.0;0.0;0.0;0.0;0.0
214;894;0.0;0.0;0.0;0.0;0.0
215;912;0.0;0.0;0.0;0.0;0.0
216;945;0.0;0.0;0.0;0.0;0.0
217;949;0.0;0.0;0.0;0.0;0.0
218;970;50.0;0.0;50.0;1.0;0.0
219;972;0.0;0.0;0.0;0.0;0.0
220;978;8.0;0.0;8.0;1.0;0.0
221;978;0.0;0.0;0.0;0.0;0.0
222;988;0.0;0.0;0.0;0.0;0.0
223;988;0.0;0.0;0.0;0.0;0.0
224;988;0.0;0.0;0.0;0.0;0.0
225;990;0.0;0.0;0.0;0.0;0.0
226;992;0.0;0.0;0.0;0.0;0.0
227;1014;0.0;0.0;0.0;0.0;0.0
228;1014;0.0;0.0;0.0;0.0;0.0
229;1018;0.0;0.0;0.0;0.0;0.0
230;1030;0.0;0.0;0.0;0.0;0.0
231;1053;0.0;0.0;0.0;0.0;0.0
232;1055;0.0;0.0;0.0;0.0;0.0
233;1055;0.0;0.0;0.0;0.0;0.0
234;1062;7.0;0.0;7.0;0.0;0.0
235;1063;0.0;0.0;0.0;0.0;0.0
236;1070;0.0;0.0;0.0;0.0;0.0
237;1071;12.0;0.0;12.0;1.0;0.0
238;1075;0.0;0.0;0.0;0.0;0.0
239;1113;14.0;0.0;14.0;0.0;0.0
240;1113;8.0;0.0;8.0;1.0;0.0
241;1113;5.0;0.0;5.0;0.0;0.0
242;1113;5.0;0.0;5.0;0.0;0.0
243;1115;0.0;0.0;0.0;0.0;0.0
244;1115;0.0;0.0;0.0;0.0;0.0
245;1130;0.0;0.0;0.0;0.0;0.0
246;1133;0.0;0.0;0.0;0.0;0.0
247;1140;0.0;0.0;0.0;0.0;0.0
248;1152;0.0;0.0;0.0;0.0;0.0
249;1152;0.0;0.0;0.0;0.0;0.0
250;1215;62.0;0.0;62.0;1.0;0.0
251;1216;0.0;0.0;0.0;0.0;0.0
252;1226;0.0;0.0;0.0;0.0;0.0
253;1251;0.0;0.0;0.0;0.0;0.0
254;1251;0.0;0.0;0.0;0.0;0.0
255;1261;0.0;0.0;0.0;0.0;0.0
256;1263;0.0;0.0;0.0;0.0;0.0
257;1264;24.0;0.0;24.0;1.0;0.0
258;1268;0.0;0.0;0.0;0.0;0.0
259;1282;0.0;0.0;0.0;0.0;0.0
260;1282;0.0;0.0;0.0;0.0;0.0
261;1291;0.0;0.0;0.0;0.0;0.0
262;1291;0.0;0.0;0.0;0.0;0.0
263;1291;8.0;0.0;8.0;1.0;0.0
264;1308;0.0;0.0;0.0;0.0;0.0
265;1315;0.0;0.0;0.0;0.0;0.0
266;1315;0.0;0.0;0.0;0.0;0.0
267;1315;0.0;0.0;0.0;0.0;0.0
268;1318;0.0;0.0;0.0;-0.0;0.0
269;1318;0.0;0.0;0.0;-0.0;0.0
270;1320;0.0;0.0;0.0;0.0;0.0
271;1320;0.0;0.0;0.0;0.0;0.0
272;1328;0.0;0.0;0.0;0.0;0.0
273;1330;0.0;0.0;0.0;0.0;0.0
274;1330;5.0;0.0;5.0;1.0;0.0
275;1345;0.0;0.0;0.0;0.0;0.0
276;1349;11.0;0.0;11.0;1.0;0.0
277;1349;11.0;0.0;11.0;1.0;0.0
278;1359;18.15;0.0;18.15;1.0;0.0
279;1359;35.7;0.0;35.7;1.0;0.0
280;1359;0.0;0.0;0.0;0.0;0.0
281;1362;45.0;0.0;45.0;1.0;0.0
282;1361;0.0;0.0;0.0;0.0;0.0
283;1368;0.0;0.0;0.0;0.0;0.0
284;1368;13.0;0.0;13.0;1.0;0.0
285;1415;0.0;0.0;0.0;-0.0;0.0
286;1425;0.0;0.0;0.0;0.0;0.0
287;1425;50.0;0.0;50.0;1.0;0.0
288;1438;0.0;0.0;0.0;-0.0;0.0
289;1445;0.0;0.0;0.0;0.0;0.0
290;1459;0.0;0.0;0.0;0.0;0.0
291;1459;0.0;0.0;0.0;0.0;0.0
292;1459;0.0;0.0;0.0;0.0;0.0
293;1468;0.0;0.0;0.0;0.0;0.0
294;1469;0.0;0.0;0.0;0.0;0.0
295;1479;0.0;0.0;0.0;0.0;0.0
296;1500;0.0;0.0;0.0;0.0;0.0
297;1502;0.0;0.0;0.0;0.0;0.0
298;1502;0.0;0.0;0.0;0.0;0.0
299;1522;44.0;0.0;44.0;0.0;0.0
300;1523;169.0;0.0;169.0;1.0;0.0
301;1553;0.0;0.0;0.0;0.0;0.0
302;1553;0.0;0.0;0.0;0.0;0.0
303;1560;49.0;0.0;49.0;1.0;0.0
304;1564;0.0;0.0;0.0;0.0;0.0
305;1564;0.0;0.0;0.0;0.0;0.0
306;1565;0.0;0.0;0.0;0.0;0.0
307;1566;0.0;0.0;0.0;0.0;0.0
308;1570;0.0;0.0;0.0;0.0;0.0
309;1570;0.0;0.0;0.0;0.0;0.0
310;1584;0.0;0.0;0.0;0.0;0.0
311;1594;33.0;0.0;33.0;1.0;0.0
312;1594;0.0;0.0;0.0;0.0;0.0
313;1599;36.0;0.0;36.0;1.0;0.0
314;1599;0.0;0.0;0.0;0.0;0.0
315;1605;0.0;0.0;0.0;0.0;0.0
316;1619;0.0;0.0;0.0;0.0;0.0
317;1619;0.0;0.0;0.0;0.0;0.0
318;1630;0.0;0.0;0.0;0.0;0.0
319;1643;0.0;0.0;0.0;-0.0;0.0
320;1644;0.0;0.0;0.0;0.0;0.0
321;1644;0.0;0.0;0.0;0.0;0.0
322;1645;52.0;0.0;52.0;1.0;0.0
323;1648;0.0;0.0;0.0;0.0;0.0
324;1659;0.0;0.0;0.0;0.0;0.0
325;1675;0.0;0.0;0.0;0.0;0.0
326;1675;0.0;0.0;0.0;0.0;0.0
327;1684;0.0;0.0;0.0;0.0;0.0
328;1684;0.0;0.0;0.0;0.0;0.0
329;1685;0.0;0.0;0.0;0.0;0.0
330;1686;0.0;0.0;0.0;0.0;0.0
331;1686;0.0;0.0;0.0;0.0;0.0
332;1687;0.0;0.0;0.0;0.0;0.0
333;1688;0.0;0.0;0.0;-0.0;0.0
334;1693;7.1;0.0;7.1;1.0;0.0
335;1697;0.0;0.0;0.0;0.0;0.0
336;1697;0.0;0.0;0.0;0.0;0.0
337;1697;0.0;0.0;0.0;0.0;0.0
338;1700;0.0;0.0;0.0;0.0;0.0
339;1703;0.0;0.0;0.0;0.0;0.0
340;1704;0.0;0.0;0.0;0.0;0.0
341;1706;28.9;0.0;28.9;1.0;0.0
342;1717;0.0;0.0;0.0;0.0;0.0
343;1728;0.0;0.0;0.0;0.0;0.0
344;1728;0.0;0.0;0.0;0.0;0.0
345;1731;0.0;0.0;0.0;0.0;0.0
346;1733;0.0;0.0;0.0;0.0;0.0
347;1740;0.0;0.0;0.0;0.0;0.0
348;1740;0.0;0.0;0.0;0.0;0.0
349;1747;40.0;0.0;40.0;1.0;0.0
350;1748;40.0;0.0;40.0;1.0;0.0
351;1749;0.0;0.0;0.0;0.0;0.0
352;1803;0.0;0.0;0.0;0.0;0.0
353;1813;0.0;0.0;0.0;0.0;0.0
354;1830;0.0;0.0;0.0;0.0;0.0
355;1837;0.0;0.0;0.0;0.0;0.0
356;1843;0.0;0.0;0.0;0.0;0.0
357;1843;32.0;0.0;32.0;1.0;0.0
358;1853;0.0;0.0;0.0;0.0;0.0
359;1853;0.0;0.0;0.0;0.0;0.0
360;1861;0.0;0.0;0.0;0.0;0.0
361;1864;0.0;0.0;0.0;0.0;0.0
362;1864;0.0;0.0;0.0;0.0;0.0
363;1869;24.0;0.0;24.0;1.0;0.0
364;1869;36.5;0.0;36.5;1.0;0.0
365;1869;43.5;0.0;43.5;1.0;0.0
366;1870;0.0;0.0;0.0;0.0;0.0
367;1871;44.0;0.0;44.0;1.0;0.0
368;1872;0.0;0.0;0.0;0.0;0.0
369;1877;0.0;0.0;0.0;0.0;0.0
370;1886;0.0;0.0;0.0;0.0;0.0
371;1894;24.0;0.0;24.0;1.0;0.0
372;1895;24.0;0.0;24.0;1.0;0.0
373;1896;24.0;0.0;24.0;1.0;0.0
374;1897;24.0;0.0;24.0;1.0;0.0
375;1909;0.0;0.0;0.0;0.0;0.0
376;1928;0.0;0.0;0.0;0.0;0.0
377;1941;0.0;0.0;0.0;0.0;0.0
378;1940;0.0;0.0;0.0;0.0;0.0
379;1949;0.0;0.0;0.0;0.0;0.0
380;1960;0.0;0.0;0.0;0.0;0.0
381;1968;0.0;0.0;0.0;0.0;0.0
382;1969;0.0;0.0;0.0;0.0;0.0
383;1970;24.0;0.0;24.0;1.0;0.0
384;1971;24.0;0.0;24.0;1.0;0.0
385;1972;0.0;0.0;0.0;0.0;0.0
386;1981;0.0;0.0;0.0;0.0;0.0
387;1981;0.0;0.0;0.0;0.0;0.0
388;1982;0.0;0.0;0.0;0.0;0.0
389;1983;0.0;0.0;0.0;0.0;0.0
390;1985;0.0;0.0;0.0;0.0;0.0
391;1987;0.5;0.0;0.5;0.0;0.0
392;1987;0.0;0.0;0.0;-0.0;0.0
393;1993;0.0;0.0;0.0;0.0;0.0
394;2001;0.0;0.0;0.0;0.0;0.0
395;2008;46.0;0.0;46.0;1.0;0.0
396;2019;0.0;0.0;0.0;0.0;0.0
397;2020;24.0;0.0;24.0;1.0;0.0
398;2020;0.0;0.0;0.0;0.0;0.0
399;2025;0.0;0.0;0.0;0.0;0.0
400;2029;-30.0;0.0;-30.0;0.0;0.0
401;2037;0.0;0.0;0.0;0.0;0.0
402;2051;34.0;0.0;34.0;1.0;0.0
403;2061;0.0;0.0;0.0;0.0;0.0
404;2085;0.0;0.0;0.0;0.0;0.0
405;2098;0.0;0.0;0.0;0.0;0.0
406;2099;1.0;0.0;1.0;0.0;0.0
407;2103;16.0;0.0;16.0;1.0;0.0
408;2123;0.0;0.0;0.0;0.0;0.0
409;2123;0.0;0.0;0.0;0.0;0.0
410;2151;0.0;0.0;0.0;0.0;0.0
411;2151;0.0;0.0;0.0;0.0;0.0
412;2161;0.0;0.0;0.0;0.0;0.0
413;2165;45.0;0.0;45.0;1.0;0.0
414;2166;0.0;0.0;0.0;0.0;0.0
415;2182;24.0;0.0;24.0;1.0;0.0
416;2182;0.0;0.0;0.0;0.0;0.0
417;2187;0.0;0.0;0.0;0.0;0.0
418;2190;0.0;0.0;0.0;0.0;0.0
419;2190;0.0;0.0;0.0;0.0;0.0
420;2192;0.0;0.0;0.0;-0.0;0.0
421;2193;15.0;0.0;15.0;1.0;0.0
422;2195;20.0;0.0;20.0;1.0;0.0
423;2226;0.0;0.0;0.0;0.0;0.0
424;2226;0.0;0.0;0.0;0.0;0.0
425;2245;0.0;0.0;0.0;0.0;0.0
426;2245;0.0;0.0;0.0;0.0;0.0
427;2247;0.0;0.0;0.0;-0.0;0.0
428;2247;2.5;0.0;2.5;0.0;0.0
429;2281;0.0;0.0;0.0;0.0;0.0
430;2291;0.0;0.0;0.0;0.0;0.0
431;2295;0.0;0.0;0.0;0.0;0.0
432;2297;0.0;0.0;0.0;0.0;0.0
433;2303;0.0;0.0;0.0;0.0;0.0
434;2303;0.0;0.0;0.0;0.0;0.0
435;2329;0.0;0.0;0.0;0.0;0.0
436;2335;0.0;0.0;0.0;0.0;0.0
437;2339;0.0;0.0;0.0;0.0;0.0
438;2341;28.0;0.0;28.0;1.0;0.0
439;2341;28.0;0.0;28.0;1.0;0.0
440;2341;28.0;0.0;28.0;1.0;0.0
441;2342;0.0;0.0;0.0;0.0;0.0
442;2342;0.0;0.0;0.0;0.0;0.0
443;2343;0.0;0.0;0.0;0.0;0.0
444;2364;0.0;0.0;0.0;0.0;0.0
445;2365;0.0;0.0;0.0;0.0;0.0
446;2366;24.0;0.0;24.0;1.0;0.0
447;2367;0.0;0.0;0.0;0.0;0.0
448;2368;20.0;0.0;20.0;1.0;0.0
449;2378;0.0;0.0;0.0;0.0;0.0
450;2394;0.0;0.0;0.0;0.0;0.0
451;2396;34.9;0.0;34.9;1.0;0.0
452;2396;0.0;0.0;0.0;0.0;0.0
453;2412;36.0;0.0;36.0;1.0;0.0
454;2414;0.0;0.0;0.0;0.0;0.0
455;2414;0.0;0.0;0.0;0.0;0.0
456;2421;0.0;0.0;0.0;0.0;0.0
457;2421;0.0;0.0;0.0;0.0;0.0
458;2421;0.0;0.0;0.0;0.0;0.0
459;2433;0.0;0.0;0.0;0.0;0.0
460;2437;0.0;0.0;0.0;0.0;0.0
461;2437;0.0;0.0;0.0;0.0;0.0
462;2440;0.0;0.0;0.0;0.0;0.0
463;2440;0.0;0.0;0.0;0.0;0.0
464;2445;0.0;0.0;0.0;0.0;0.0
465;2444;0.0;0.0;0.0;0.0;0.0
466;2460;0.0;0.0;0.0;0.0;0.0
467;2461;0.0;0.0;0.0;0.0;0.0
468;2461;0.0;0.0;0.0;0.0;0.0
469;2464;0.0;0.0;0.0;0.0;0.0
470;2475;0.0;0.0;0.0;0.0;0.0
471;2481;0.0;0.0;0.0;0.0;0.0
472;2495;0.0;0.0;0.0;0.0;0.0
473;2523;50.0;0.0;50.0;1.0;0.0
474;2523;38.0;0.0;38.0;0.0;0.0
475;2529;0.0;0.0;0.0;0.0;0.0
476;2529;0.0;0.0;0.0;0.0;0.0
477;2530;0.0;0.0;0.0;0.0;0.0
478;2530;0.0;0.0;0.0;0.0;0.0
479;2532;0.0;0.0;0.0;0.0;0.0
480;2545;0.0;0.0;0.0;0.0;0.0
481;2547;0.0;0.0;0.0;0.0;0.0
482;2555;0.0;0.0;0.0;0.0;0.0
483;2555;34.0;0.0;34.0;1.0;0.0
484;2558;0.0;0.0;0.0;0.0;0.0
485;2563;0.0;0.0;0.0;0.0;0.0
486;2576;0.0;0.0;0.0;0.0;0.0
487;2576;0.0;0.0;0.0;0.0;0.0
488;2581;0.0;0.0;0.0;0.0;0.0
489;2586;0.0;0.0;0.0;0.0;0.0
490;2586;0.0;0.0;0.0;0.0;0.0
491;2592;0.0;0.0;0.0;0.0;0.0
492;2601;0.0;0.0;0.0;0.0;0.0
493;2601;0.0;0.0;0.0;0.0;0.0
494;2610;0.0;0.0;0.0;0.0;0.0
495;2611;0.0;0.0;0.0;0.0;0.0
496;2616;0.0;0.0;0.0;0.0;0.0
497;2624;0.0;0.0;0.0;0.0;0.0
498;2624;0.0;0.0;0.0;0.0;0.0
499;2627;28.0;0.0;28.0;1.0;0.0
500;2640;0.0;0.0;0.0;0.0;0.0
501;2640;0.0;0.0;0.0;0.0;0.0
502;2640;0.0;0.0;0.0;0.0;0.0
503;2643;0.0;0.0;0.0;0.0;0.0
504;2644;18.0;0.0;18.0;1.0;0.0
505;2645;0.0;0.0;0.0;0.0;0.0
506;2645;0.0;0.0;0.0;0.0;0.0
507;2645;0.0;0.0;0.0;0.0;0.0
508;2646;0.0;0.0;0.0;0.0;0.0
509;2646;0.0;0.0;0.0;0.0;0.0
510;2646;0.0;0.0;0.0;0.0;0.0
511;2649;0.0;0.0;0.0;0.0;0.0
512;2649;0.0;0.0;0.0;0.0;0.0
513;2652;0.0;0.0;0.0;0.0;0.0
514;2659;0.0;0.0;0.0;0.0;0.0
515;2659;9.8;0.0;9.8;1.0;0.0
516;2660;0.0;0.0;0.0;0.0;0.0
517;2660;0.0;0.0;0.0;0.0;0.0
518;2663;0.0;0.0;0.0;0.0;0.0
519;2664;0.0;0.0;0.0;0.0;0.0
520;2663;0.0;0.0;0.0;0.0;0.0
521;2662;0.0;0.0;0.0;0.0;0.0
522;2664;0.0;0.0;0.0;0.0;0.0
523;2665;0.0;0.0;0.0;0.0;0.0
524;2669;0.0;0.0;0.0;0.0;0.0
525;2669;0.0;0.0;0.0;0.0;0.0
526;2669;0.0;0.0;0.0;0.0;0.0
527;2669;0.0;0.0;0.0;0.0;0.0
528;2669;0.0;0.0;0.0;0.0;0.0
529;2674;0.0;0.0;0.0;0.0;0.0
530;2688;0.0;0.0;0.0;0.0;0.0
531;2695;0.0;0.0;0.0;0.0;0.0
532;2729;0.0;0.0;0.0;0.0;0.0
533;2734;0.0;0.0;0.0;0.0;0.0
534;2734;17.0;0.0;17.0;1.0;0.0
535;2766;0.0;0.0;0.0;0.0;0.0
536;2776;0.0;0.0;0.0;0.0;0.0
537;2812;0.0;0.0;0.0;0.0;0.0
538;2813;0.0;0.0;0.0;0.0;0.0
539;2818;0.0;0.0;0.0;0.0;0.0
540;2822;0.0;0.0;0.0;0.0;0.0
541;2833;12.0;0.0;12.0;1.0;0.0
542;2838;0.0;0.0;0.0;0.0;0.0
543;2840;0.0;0.0;0.0;0.0;0.0
544;2840;0.0;0.0;0.0;0.0;0.0
545;2843;0.0;0.0;0.0;0.0;0.0
546;2843;0.0;0.0;0.0;0.0;0.0
547;2845;0.0;0.0;0.0;0.0;0.0
548;2845;0.0;0.0;0.0;0.0;0.0
549;2857;0.0;0.0;0.0;0.0;0.0
550;2868;0.0;0.0;0.0;0.0;0.0
551;2874;0.0;0.0;0.0;0.0;0.0
552;2876;0.0;0.0;0.0;0.0;0.0
553;2876;0.0;0.0;0.0;0.0;0.0
554;2884;0.0;0.0;0.0;0.0;0.0
555;2899;0.0;0.0;0.0;-0.0;0.0
556;2899;26.5;0.0;26.5;1.0;0.0
557;2899;0.0;0.0;0.0;-0.0;0.0
558;2904;0.0;0.0;0.0;0.0;0.0
559;2904;0.0;0.0;0.0;0.0;0.0
560;2904;0.0;0.0;0.0;0.0;0.0
561;2908;0.0;0.0;0.0;0.0;0.0
562;2928;0.0;0.0;0.0;0.0;0.0
563;2929;0.0;0.0;0.0;0.0;0.0
564;2941;0.0;0.0;0.0;0.0;0.0
565;2948;0.0;0.0;0.0;0.0;0.0
566;2954;0.0;0.0;0.0;0.0;0.0
567;2954;0.0;0.0;0.0;0.0;0.0
568;2975;0.0;0.0;0.0;0.0;0.0
569;2982;0.0;0.0;0.0;0.0;0.0
570;2993;0.0;0.0;0.0;0.0;0.0
571;3020;0.0;0.0;0.0;0.0;0.0
572;3020;0.0;0.0;0.0;0.0;0.0
573;3021;0.0;0.0;0.0;0.0;0.0
574;3022;0.0;0.0;0.0;0.0;0.0
575;3022;13.0;0.0;13.0;1.0;0.0
576;3024;0.0;0.0;0.0;0.0;0.0
577;3027;0.0;0.0;0.0;0.0;0.0
578;3027;0.0;0.0;0.0;0.0;0.0
579;3029;0.0;0.0;0.0;0.0;0.0
580;3036;0.0;0.0;0.0;0.0;0.0
581;3038;0.0;0.0;0.0;0.0;0.0
582;3049;16.0;0.0;16.0;1.0;0.0
583;3059;0.0;0.0;0.0;0.0;0.0
584;3060;0.0;0.0;0.0;0.0;0.0
585;3070;0.0;0.0;0.0;0.0;0.0
586;3098;0.0;0.0;0.0;0.0;0.0
587;3107;0.0;0.0;0.0;0.0;0.0
588;3110;0.0;0.0;0.0;0.0;0.0
589;3113;0.0;0.0;0.0;0.0;0.0
590;3116;0.0;0.0;0.0;0.0;0.0
591;3117;38.0;0.0;38.0;1.0;0.0
592;3118;38.0;0.0;38.0;1.0;0.0
593;3122;0.0;0.0;0.0;0.0;0.0
594;3123;0.0;0.0;0.0;0.0;0.0
595;3123;0.0;0.0;0.0;0.0;0.0
596;3125;20.8;0.0;20.8;1.0;0.0
597;3126;0.0;0.0;0.0;0.0;0.0
598;3131;0.0;0.0;0.0;0.0;0.0
599;3132;0.0;0.0;0.0;0.0;0.0
600;3132;0.0;0.0;0.0;0.0;0.0
601;3136;0.0;0.0;0.0;0.0;0.0
602;3136;14.0;0.0;14.0;1.0;0.0
603;3140;0.0;0.0;0.0;0.0;0.0
604;3140;0.0;0.0;0.0;0.0;0.0
605;3142;0.0;0.0;0.0;0.0;0.0
606;3147;10.5;0.0;10.5;1.0;0.0
607;3147;8.6;0.0;8.6;1.0;0.0
608;3151;0.0;0.0;0.0;0.0;0.0
609;3157;48.0;0.0;48.0;1.0;0.0
610;3159;16.0;0.0;16.0;1.0;0.0
611;3159;0.0;0.0;0.0;0.0;0.0
612;3159;0.0;0.0;0.0;0.0;0.0
613;3178;0.0;0.0;0.0;0.0;0.0
614;3178;0.0;0.0;0.0;0.0;0.0
615;3185;0.0;0.0;0.0;0.0;0.0
616;3185;0.0;0.0;0.0;0.0;0.0
617;3188;0.0;0.0;0.0;0.0;0.0
618;3188;0.0;0.0;0.0;0.0;0.0
619;3210;20.0;0.0;20.0;1.0;0.0
620;3219;0.0;0.0;0.0;0.0;0.0
621;3219;0.0;0.0;0.0;0.0;0.0
622;3238;0.0;0.0;0.0;0.0;0.0
623;3239;0.0;0.0;0.0;0.0;0.0
624;3241;0.0;0.0;0.0;0.0;0.0
625;3244;0.0;0.0;0.0;0.0;0.0
626;3246;0.0;0.0;0.0;0.0;0.0
627;3250;0.0;0.0;0.0;0.0;0.0
628;3260;0.0;0.0;0.0;0.0;0.0
629;3264;6.0;0.0;6.0;1.0;0.0
630;3265;0.0;0.0;0.0;0.0;0.0
631;3265;32.7;0.0;32.7;1.0;0.0
632;3265;0.0;0.0;0.0;0.0;0.0
633;3266;42.0;0.0;42.0;1.0;0.0
634;3266;42.0;0.0;42.0;1.0;0.0
635;3276;0.0;0.0;0.0;0.0;0.0
636;3276;0.0;0.0;0.0;0.0;0.0
637;3280;0.0;0.0;0.0;0.0;0.0
638;3281;0.0;0.0;0.0;0.0;0.0
639;3282;36.1;0.0;36.1;1.0;0.0
640;3295;0.0;0.0;0.0;0.0;0.0
641;3301;13.0;0.0;13.0;1.0;0.0
642;3308;17.0;0.0;17.0;1.0;0.0
643;3308;17.0;0.0;17.0;1.0;0.0
644;3313;0.0;0.0;0.0;0.0;0.0
645;3313;10.2;0.0;10.2;1.0;0.0
646;3315;0.0;0.0;0.0;0.0;0.0
647;3315;0.0;0.0;0.0;0.0;0.0
648;3339;0.0;0.0;0.0;0.0;0.0
649;3345;0.0;0.0;0.0;-0.0;0.0
650;3377;0.0;0.0;0.0;0.0;0.0
651;3377;0.0;0.0;0.0;0.0;0.0
652;3382;39.8;0.0;39.8;1.0;0.0
653;3383;0.0;0.0;0.0;0.0;0.0
654;3405;43.0;0.0;43.0;1.0;0.0
655;3408;24.0;0.0;24.0;1.0;0.0
656;3418;0.0;0.0;0.0;0.0;0.0
657;3418;7.5;0.0;7.5;1.0;0.0
658;3418;0.0;0.0;0.0;0.0;0.0
659;3418;0.0;0.0;0.0;0.0;0.0
660;3418;0.0;0.0;0.0;0.0;0.0
661;3423;0.0;0.0;0.0;0.0;0.0
662;3423;36.0;0.0;36.0;1.0;0.0
663;3424;0.0;0.0;0.0;0.0;0.0
664;3424;0.0;0.0;0.0;0.0;0.0
665;3431;0.0;0.0;0.0;0.0;0.0
666;3434;0.0;0.0;0.0;0.0;0.0
667;3437;0.0;0.0;0.0;0.0;0.0
668;3440;0.0;0.0;0.0;0.0;0.0
669;3440;0.0;0.0;0.0;0.0;0.0
670;3445;0.0;0.0;0.0;0.0;0.0
671;3450;0.0;0.0;0.0;0.0;0.0
672;3451;0.0;0.0;0.0;0.0;0.0
673;3454;0.0;0.0;0.0;0.0;0.0
674;3461;12.0;0.0;12.0;1.0;0.0
675;3468;0.0;0.0;0.0;0.0;0.0
676;3488;0.0;0.0;0.0;0.0;0.0
677;3491;0.0;0.0;0.0;0.0;0.0
678;3491;53.0;0.0;53.0;1.0;0.0
679;3495;0.0;0.0;0.0;0.0;0.0
680;3504;35.0;0.0;35.0;1.0;0.0
681;3505;0.0;0.0;0.0;0.0;0.0
682;3507;0.0;0.0;0.0;0.0;0.0
683;3508;0.0;0.0;0.0;0.0;0.0
684;3513;48.0;0.0;48.0;1.0;0.0
685;3513;0.0;0.0;0.0;0.0;0.0
686;3521;0.0;0.0;0.0;0.0;0.0
687;3530;0.0;0.0;0.0;0.0;0.0
688;3544;12.8;0.0;12.8;1.0;0.0
689;3545;0.0;0.0;0.0;0.0;0.0
690;3550;0.0;0.0;0.0;0.0;0.0
691;3550;0.0;0.0;0.0;0.0;0.0
692;3550;0.0;0.0;0.0;0.0;0.0
693;3549;0.0;0.0;0.0;0.0;0.0
694;3584;0.0;0.0;0.0;0.0;0.0
695;3587;20.0;0.0;20.0;1.0;0.0
696;3587;0.8;0.0;0.8;0.0;0.0
697;3586;0.0;0.0;0.0;-0.0;0.0
698;3586;0.8;0.0;0.8;0.0;0.0
699;3600;0.0;0.0;0.0;0.0;0.0
700;3600;0.0;0.0;0.0;0.0;0.0
701;3600;23.0;0.0;23.0;1.0;0.0
702;3604;-40.0;0.0;-40.0;0.0;0.0
703;3604;50.0;0.0;50.0;1.0;0.0
704;3636;0.0;0.0;0.0;0.0;0.0
705;3646;14.89;0.0;14.89;1.0;0.0
706;3646;0.0;0.0;0.0;0.0;0.0
707;3649;0.0;0.0;0.0;0.0;0.0
708;3651;7.0;0.0;7.0;1.0;0.0
709;3651;7.0;0.0;7.0;1.0;0.0
710;3652;0.0;0.0;0.0;0.0;0.0
711;3657;0.0;0.0;0.0;0.0;0.0
712;3660;0.0;0.0;0.0;0.0;0.0
713;3661;0.0;0.0;0.0;0.0;0.0
714;3667;0.0;0.0;0.0;0.0;0.0
715;3667;0.0;0.0;0.0;0.0;0.0
716;3668;0.0;0.0;0.0;0.0;0.0
717;3684;0.0;0.0;0.0;0.0;0.0
718;3686;0.0;0.0;0.0;0.0;0.0
719;3692;9.5;0.0;9.5;1.0;0.0
720;3694;0.0;0.0;0.0;0.0;0.0
721;3696;0.0;0.0;0.0;0.0;0.0
722;3713;0.0;0.0;0.0;0.0;0.0
723;3715;0.0;0.0;0.0;0.0;0.0
724;3716;0.0;0.0;0.0;0.0;0.0
725;3717;44.0;0.0;44.0;1.0;0.0
726;3744;0.0;0.0;0.0;0.0;0.0
727;3748;11.2;0.0;11.2;1.0;0.0
728;3753;0.0;0.0;0.0;0.0;0.0
729;3758;10.0;0.0;10.0;1.0;0.0
730;3758;20.0;0.0;20.0;1.0;0.0
731;3760;0.0;0.0;0.0;0.0;0.0
732;3761;0.0;0.0;0.0;0.0;0.0
733;3796;0.0;0.0;0.0;0.0;0.0
734;3796;0.0;0.0;0.0;0.0;0.0
735;3799;0.0;0.0;0.0;0.0;0.0
736;3799;0.0;0.0;0.0;0.0;0.0
737;3799;0.0;0.0;0.0;0.0;0.0
738;3801;0.0;0.0;0.0;0.0;0.0
739;3801;0.0;0.0;0.0;0.0;0.0
740;3816;0.0;0.0;0.0;0.0;0.0
741;3817;37.8;0.0;37.8;1.0;0.0
742;3818;37.8;0.0;37.8;1.0;0.0
743;3822;0.0;0.0;0.0;0.0;0.0
744;3826;0.0;0.0;0.0;0.0;0.0
745;3836;0.0;0.0;0.0;0.0;0.0
746;3842;0.0;0.0;0.0;0.0;0.0
747;3842;13.0;0.0;13.0;1.0;0.0
748;3853;0.0;0.0;0.0;0.0;0.0
749;3863;0.0;0.0;0.0;0.0;0.0
750;3868;0.0;0.0;0.0;0.0;0.0
751;3869;0.0;0.0;0.0;0.0;0.0
752;3876;0.0;0.0;0.0;0.0;0.0
753;3889;0.0;0.0;0.0;0.0;0.0
754;3893;0.0;0.0;0.0;0.0;0.0
755;3893;0.0;0.0;0.0;0.0;0.0
756;3904;0.0;0.0;0.0;0.0;0.0
757;3904;0.0;0.0;0.0;0.0;0.0
758;3919;0.0;0.0;0.0;0.0;0.0
759;3924;0.0;0.0;0.0;0.0;0.0
760;3925;0.0;0.0;0.0;0.0;0.0
761;3927;0.0;0.0;0.0;0.0;0.0
762;3939;0.0;0.0;0.0;0.0;0.0
763;3940;0.0;0.0;0.0;0.0;0.0
764;3951;0.0;0.0;0.0;0.0;0.0
765;3969;40.0;0.0;40.0;1.0;0.0
766;3969;40.0;0.0;40.0;1.0;0.0
767;3968;40.0;0.0;40.0;1.0;0.0
768;3968;40.0;0.0;40.0;1.0;0.0
769;3977;0.0;0.0;0.0;0.0;0.0
770;3977;0.0;0.0;0.0;0.0;0.0
771;3987;0.0;0.0;0.0;0.0;0.0
772;3987;0.0;0.0;0.0;0.0;0.0
773;3987;0.0;0.0;0.0;0.0;0.0
774;3998;0.0;0.0;0.0;0.0;0.0
775;3998;24.8;0.0;24.8;1.0;0.0
776;4000;0.0;0.0;0.0;0.0;0.0
777;4000;0.0;0.0;0.0;0.0;0.0
778;4025;0.0;0.0;0.0;0.0;0.0
779;4029;0.0;0.0;0.0;0.0;0.0
780;4031;0.0;0.0;0.0;0.0;0.0
781;4031;0.0;0.0;0.0;0.0;0.0
782;4054;0.0;0.0;0.0;0.0;0.0
783;4055;0.0;0.0;0.0;0.0;0.0
784;4055;0.0;0.0;0.0;0.0;0.0
785;4065;0.0;0.0;0.0;0.0;0.0
786;4071;0.0;0.0;0.0;0.0;0.0
787;4108;0.0;0.0;0.0;0.0;0.0
788;4125;0.0;0.0;0.0;0.0;0.0
789;4129;12.3;0.0;12.3;1.0;0.0
790;4129;0.0;0.0;0.0;0.0;0.0
791;4129;12.3;0.0;12.3;1.0;0.0
792;4131;0.0;0.0;0.0;0.0;0.0
793;4131;0.0;0.0;0.0;0.0;0.0
794;4169;0.0;0.0;0.0;0.0;0.0
795;4198;0.0;0.0;0.0;0.0;0.0
796;4198;0.0;0.0;0.0;0.0;0.0
797;4217;0.0;0.0;0.0;0.0;0.0
798;4216;0.0;0.0;0.0;0.0;0.0
799;4231;0.0;0.0;0.0;0.0;0.0
800;4235;0.0;0.0;0.0;0.0;0.0
801;4244;0.0;0.0;0.0;0.0;0.0
802;4245;19.0;0.0;19.0;1.0;0.0
803;4260;0.0;0.0;0.0;0.0;0.0
804;4260;0.0;0.0;0.0;0.0;0.0
805;4274;12.0;0.0;12.0;1.0;0.0
806;4274;0.0;0.0;0.0;0.0;0.0
807;4275;0.0;0.0;0.0;0.0;0.0
808;4275;12.0;0.0;12.0;1.0;0.0
809;4293;0.0;0.0;0.0;0.0;0.0
810;4299;46.0;0.0;46.0;1.0;0.0
811;4300;0.0;0.0;0.0;0.0;0.0
812;4301;0.0;0.0;0.0;0.0;0.0
813;4305;0.0;0.0;0.0;0.0;0.0
814;4309;0.0;0.0;0.0;0.0;0.0
815;4309;0.0;0.0;0.0;0.0;0.0
816;4315;0.0;0.0;0.0;0.0;0.0
817;4319;0.0;0.0;0.0;0.0;0.0
818;4320;0.0;0.0;0.0;0.0;0.0
819;4324;0.0;0.0;0.0;0.0;0.0
820;4326;0.0;0.0;0.0;0.0;0.0
821;4326;0.0;0.0;0.0;0.0;0.0
822;4327;39.0;0.0;39.0;1.0;0.0
823;4337;0.0;0.0;0.0;0.0;0.0
824;4337;0.0;0.0;0.0;0.0;0.0
825;4345;26.0;0.0;26.0;1.0;0.0
826;4352;0.0;0.0;0.0;0.0;0.0
827;4371;0.0;0.0;0.0;0.0;0.0
828;4371;0.0;0.0;0.0;0.0;0.0
829;4376;0.0;0.0;0.0;0.0;0.0
830;4379;0.0;0.0;0.0;0.0;0.0
831;4384;0.0;0.0;0.0;0.0;0.0
832;4384;0.0;0.0;0.0;0.0;0.0
833;4384;0.0;0.0;0.0;0.0;0.0
834;4393;0.0;0.0;0.0;0.0;0.0
835;4413;0.0;0.0;0.0;0.0;0.0
836;4413;0.0;0.0;0.0;0.0;0.0
837;4414;0.0;0.0;0.0;0.0;0.0
838;4414;0.0;0.0;0.0;0.0;0.0
839;4415;0.0;0.0;0.0;0.0;0.0
840;4431;0.0;0.0;0.0;0.0;0.0
841;4449;0.0;0.0;0.0;0.0;0.0
842;4449;0.0;0.0;0.0;0.0;0.0
843;4451;26.0;0.0;26.0;1.0;0.0
844;4451;26.0;0.0;26.0;1.0;0.0
845;4455;29.9;0.0;29.9;1.0;0.0
846;4456;13.7;0.0;13.7;1.0;0.0
847;4475;0.0;0.0;0.0;0.0;0.0
848;4477;0.0;0.0;0.0;0.0;0.0
849;4478;23.7;0.0;23.7;1.0;0.0
850;4479;0.0;0.0;0.0;0.0;0.0
851;4480;0.0;0.0;0.0;0.0;0.0
852;4481;23.7;0.0;23.7;1.0;0.0
853;4482;0.0;0.0;0.0;0.0;0.0
854;4495;0.0;0.0;0.0;0.0;0.0
855;4508;0.0;0.0;0.0;0.0;0.0
856;4511;0.0;0.0;0.0;0.0;0.0
857;4511;21.0;0.0;21.0;1.0;0.0
858;4515;87.0;0.0;87.0;1.0;0.0
859;4524;22.0;0.0;22.0;1.0;0.0
860;4524;0.0;0.0;0.0;0.0;0.0
861;4538;0.0;0.0;0.0;0.0;0.0
862;4538;0.0;0.0;0.0;0.0;0.0
863;4538;0.0;0.0;0.0;0.0;0.0
864;4538;0.0;0.0;0.0;0.0;0.0
865;4538;0.0;0.0;0.0;0.0;0.0
866;4567;22.0;0.0;22.0;1.0;0.0
867;4571;0.0;0.0;0.0;0.0;0.0
868;4574;45.0;0.0;45.0;1.0;0.0
869;4574;44.0;0.0;44.0;0.0;0.0
870;4582;0.0;0.0;0.0;0.0;0.0
871;4583;0.0;0.0;0.0;0.0;0.0
872;4585;0.0;0.0;0.0;0.0;0.0
873;4588;0.0;0.0;0.0;0.0;0.0
874;4588;0.0;0.0;0.0;0.0;0.0
875;4623;36.8;0.0;36.8;1.0;0.0
876;4634;0.0;0.0;0.0;0.0;0.0
877;4635;0.0;0.0;0.0;0.0;0.0
878;4636;0.0;0.0;0.0;0.0;0.0
879;4645;0.0;0.0;0.0;0.0;0.0
880;4646;0.0;0.0;0.0;0.0;0.0
881;4651;0.0;0.0;0.0;0.0;0.0
882;4657;0.0;0.0;0.0;0.0;0.0
883;4661;0.0;0.0;0.0;0.0;0.0
884;4662;0.0;0.0;0.0;0.0;0.0
885;4669;0.0;0.0;0.0;0.0;0.0
886;4669;0.0;0.0;0.0;0.0;0.0
887;4674;0.0;0.0;0.0;0.0;0.0
888;4674;0.0;0.0;0.0;0.0;0.0
889;4674;0.0;0.0;0.0;0.0;0.0
890;4674;7.0;0.0;7.0;1.0;0.0
891;4674;0.0;0.0;0.0;0.0;0.0
892;4686;0.0;0.0;0.0;0.0;0.0
893;4701;0.0;0.0;0.0;0.0;0.0
894;4701;0.0;0.0;0.0;0.0;0.0
895;4701;0.0;0.0;0.0;0.0;0.0
896;4718;11.5;0.0;11.5;1.0;0.0
897;4718;0.0;0.0;0.0;0.0;0.0
898;4719;0.0;0.0;0.0;0.0;0.0
899;4719;0.0;0.0;0.0;0.0;0.0
900;4720;0.0;0.0;0.0;0.0;0.0
901;4721;10.0;0.0;10.0;1.0;0.0
902;4721;15.0;0.0;15.0;1.0;0.0
903;4721;0.0;0.0;0.0;0.0;0.0
904;4757;0.0;0.0;0.0;0.0;0.0
905;4758;0.0;0.0;0.0;0.0;0.0
906;4758;10.0;0.0;10.0;1.0;0.0
907;4759;10.0;0.0;10.0;1.0;0.0
908;4759;10.0;0.0;10.0;1.0;0.0
909;4768;0.0;0.0;0.0;0.0;0.0
910;4771;0.0;0.0;0.0;0.0;0.0
911;4778;0.0;0.0;0.0;0.0;0.0
912;4783;28.0;0.0;28.0;1.0;0.0
913;4789;0.0;0.0;0.0;0.0;0.0
914;4794;0.0;0.0;0.0;0.0;0.0
915;4805;27.0;0.0;27.0;1.0;0.0
916;4815;0.0;0.0;0.0;0.0;0.0
917;4818;6.4;0.0;6.4;1.0;0.0
918;4819;15.0;0.0;15.0;1.0;0.0
919;4819;15.0;0.0;15.0;1.0;0.0
920;4820;15.0;0.0;15.0;1.0;0.0
921;4820;15.0;0.0;15.0;1.0;0.0
922;4827;0.0;0.0;0.0;0.0;0.0
923;4830;170.0;0.0;170.0;1.0;0.0
924;4830;170.0;0.0;170.0;1.0;0.0
925;4829;170.0;0.0;170.0;1.0;0.0
926;4829;170.0;0.0;170.0;1.0;0.0
927;4826;170.0;0.0;170.0;1.0;0.0
928;4826;170.0;0.0;170.0;1.0;0.0
929;4825;170.0;0.0;170.0;1.0;0.0
930;4825;170.0;0.0;170.0;1.0;0.0
931;4828;150.0;0.0;150.0;1.0;0.0
932;4828;0.0;0.0;0.0;0.0;0.0
933;4827;150.0;0.0;150.0;1.0;0.0
934;4837;0.0;0.0;0.0;0.0;0.0
935;4837;0.0;0.0;0.0;0.0;0.0
936;4848;0.0;0.0;0.0;0.0;0.0
937;4856;0.0;0.0;0.0;0.0;0.0
938;4856;0.0;0.0;0.0;0.0;0.0
939;4869;0.0;0.0;0.0;0.0;0.0
940;4869;0.0;0.0;0.0;0.0;0.0
941;4876;0.0;0.0;0.0;0.0;0.0
942;4883;12.8;0.0;12.8;1.0;0.0
943;4887;0.0;0.0;0.0;0.0;0.0
944;4887;0.0;0.0;0.0;0.0;0.0
945;4899;0.0;0.0;0.0;0.0;0.0
946;4903;0.0;0.0;0.0;-0.0;0.0
947;4905;0.0;0.0;0.0;0.0;0.0
948;4905;20.0;0.0;20.0;1.0;0.0
949;4905;0.0;0.0;0.0;0.0;0.0
950;4925;0.0;0.0;0.0;0.0;0.0
951;4928;33.0;0.0;33.0;1.0;0.0
952;4935;0.0;0.0;0.0;0.0;0.0
953;4951;9.6;0.0;9.6;1.0;0.0
954;4955;0.0;0.0;0.0;0.0;0.0
955;4966;0.0;0.0;0.0;0.0;0.0
956;4966;0.0;0.0;0.0;0.0;0.0
957;4973;0.0;0.0;0.0;0.0;0.0
958;4973;30.0;0.0;30.0;1.0;0.0
959;4986;0.0;0.0;0.0;0.0;0.0
960;4987;35.1;0.0;35.1;1.0;0.0
961;4988;0.0;0.0;0.0;0.0;0.0
962;4989;35.1;0.0;35.1;1.0;0.0
963;4996;0.0;0.0;0.0;0.0;0.0
964;4997;0.0;0.0;0.0;0.0;0.0
965;5015;12.0;0.0;12.0;1.0;0.0
966;5015;20.0;0.0;20.0;1.0;0.0
967;5017;0.0;0.0;0.0;0.0;0.0
968;5023;18.0;0.0;18.0;1.0;0.0
969;5027;0.0;0.0;0.0;0.0;0.0
970;5033;50.6;0.0;50.6;1.0;0.0
971;5041;0.0;0.0;0.0;0.0;0.0
972;5042;0.0;0.0;0.0;0.0;0.0
973;5044;0.0;0.0;0.0;0.0;0.0
974;5044;0.0;0.0;0.0;0.0;0.0
975;5046;0.0;0.0;0.0;0.0;0.0
976;5046;0.0;0.0;0.0;0.0;0.0
977;5050;0.0;0.0;0.0;0.0;0.0
978;5052;0.0;0.0;0.0;0.0;0.0
979;5052;0.0;0.0;0.0;0.0;0.0
980;5058;0.0;0.0;0.0;0.0;0.0
981;5958;0.0;0.0;0.0;0.0;0.0
982;5958;0.0;0.0;0.0;0.0;0.0
983;5958;0.0;0.0;0.0;0.0;0.0
984;5959;0.0;0.0;0.0;0.0;0.0
985;5959;0.0;0.0;0.0;0.0;0.0
986;5961;0.0;0.0;0.0;-0.0;0.0
987;5962;1100.0;0.0;1100.0;1.0;0.0
988;5962;1100.0;0.0;1100.0;1.0;0.0
989;5964;0.0;0.0;0.0;0.0;0.0
990;5965;0.0;0.0;0.0;0.0;0.0
991;5967;0.0;0.0;0.0;0.0;0.0
992;5967;0.0;0.0;0.0;0.0;0.0
993;5968;0.0;0.0;0.0;0.0;0.0
994;5968;0.0;0.0;0.0;0.0;0.0
995;5972;50.0;0.0;50.0;0.0;0.0
996;5975;85.24;0.0;85.24;1.0;0.0
997;5975;0.0;0.0;0.0;0.0;0.0
998;5983;0.0;0.0;0.0;0.0;0.0
999;5983;0.0;0.0;0.0;0.0;0.0
1000;5986;0.0;0.0;0.0;0.0;0.0
1001;5986;0.0;0.0;0.0;0.0;0.0
1002;5988;450.0;0.0;450.0;1.0;0.0
1003;5988;0.0;0.0;0.0;0.0;0.0
1004;5997;0.0;0.0;0.0;0.0;0.0
1005;5997;0.0;0.0;0.0;0.0;0.0
1006;6002;0.0;0.0;0.0;0.0;0.0
1007;6002;0.0;0.0;0.0;0.0;0.0
1008;6002;57.0;0.0;57.0;1.0;0.0
1009;6002;0.0;0.0;0.0;0.0;0.0
1010;6002;0.0;0.0;0.0;0.0;0.0
1011;6002;0.0;0.0;0.0;0.0;0.0
1012;6003;0.0;0.0;0.0;0.0;0.0
1013;6003;0.0;0.0;0.0;0.0;0.0
1014;6003;397.57;0.0;397.57;1.0;0.0
1015;6006;0.0;0.0;0.0;0.0;0.0
1016;6009;300.0;0.0;300.0;0.0;0.0
1017;6010;0.0;0.0;0.0;0.0;0.0
1018;6014;287.237;0.0;287.237;0.439;0.0
1019;6014;0.0;0.0;0.0;-0.0;0.0
1020;6014;0.0;0.0;0.0;-0.0;0.0
1021;6014;165.0;0.0;165.0;0.0;0.0
1022;6022;0.0;0.0;0.0;0.0;0.0
1023;6021;49.9;0.0;49.9;1.0;0.0
1024;6023;75.986;0.0;75.986;0.297;0.0
1025;6026;488.51;0.0;488.51;1.0;0.0
1026;6027;0.0;0.0;0.0;0.0;0.0
1027;6029;1056.0;0.0;1056.0;1.0;0.0
1028;6029;0.0;0.0;0.0;-0.0;0.0
1029;6029;412.0;0.0;412.0;1.0;0.0
1030;6029;412.0;0.0;412.0;1.0;0.0
1031;6040;100.0;0.0;100.0;0.0;0.0
1032;6045;0.0;0.0;0.0;0.0;0.0
1033;6049;0.0;0.0;0.0;0.0;0.0
1034;6055;508.0;0.0;508.0;1.0;0.0
1035;6058;1087.44;0.0;1087.44;1.0;0.0
1036;6066;1050.0;0.0;1050.0;1.0;0.0
1037;6066;910.0;0.0;910.0;1.0;0.0
1038;6066;910.0;0.0;910.0;1.0;0.0
1039;6069;0.0;0.0;0.0;0.0;0.0
1040;6070;0.0;0.0;0.0;0.0;0.0
1041;6083;0.0;0.0;0.0;0.0;0.0
1042;6084;0.0;0.0;0.0;0.0;0.0
1043;6088;1385.0;0.0;1385.0;1.0;0.0
1044;6089;0.0;0.0;0.0;0.0;0.0
1045;6090;220.0;0.0;220.0;1.0;0.0
1046;6092;0.0;0.0;0.0;0.0;0.0
1047;6093;0.0;0.0;0.0;0.0;0.0
1048;6092;43.0;0.0;43.0;1.0;0.0
1049;6092;22.0;0.0;22.0;1.0;0.0
1050;6095;126.43;0.0;126.43;1.0;0.0
1051;6094;0.0;0.0;0.0;0.0;0.0
1052;6103;1221.67;0.0;1221.67;1.0;0.0
1053;6104;0.0;0.0;0.0;0.0;0.0
1054;6106;0.0;0.0;0.0;0.0;0.0
1055;6113;149.543;0.0;149.543;0.571;0.0
1056;6112;258.0;0.0;258.0;1.0;0.0
1057;6113;258.0;0.0;258.0;1.0;0.0
1058;6112;0.0;0.0;0.0;0.0;0.0
1059;6115;0.0;0.0;0.0;0.0;0.0
1060;6115;0.0;0.0;0.0;0.0;0.0
1061;6117;226.66;0.0;226.66;1.0;0.0
1062;6126;739.0;0.0;739.0;1.0;0.0
1063;6130;0.0;0.0;0.0;0.0;0.0
1064;6132;0.0;0.0;0.0;0.0;0.0
1065;6133;185.0;0.0;185.0;1.0;0.0
1066;6133;189.0;0.0;189.0;1.0;0.0
1067;6134;0.0;0.0;0.0;0.0;0.0
1068;6134;0.0;0.0;0.0;0.0;0.0
1069;6134;0.0;0.0;0.0;0.0;0.0
1070;6134;0.0;0.0;0.0;0.0;0.0
1071;6139;456.0;0.0;456.0;1.0;0.0
1072;6139;0.0;0.0;0.0;0.0;0.0
1073;6139;0.0;0.0;0.0;0.0;0.0
1074;6139;93.0;0.0;93.0;1.0;0.0
1075;6139;0.0;0.0;0.0;0.0;0.0
1076;6146;0.0;0.0;0.0;0.0;0.0
1077;6157;0.0;0.0;0.0;0.0;0.0
1078;6157;0.0;0.0;0.0;0.0;0.0
1079;6158;0.0;0.0;0.0;0.0;0.0
1080;6160;0.0;0.0;0.0;0.0;0.0
1081;6162;364.07;0.0;364.07;1.0;0.0
1082;6162;198.66;0.0;198.66;1.0;0.0
1083;6165;187.18;0.0;187.18;1.0;0.0
1084;6165;187.18;0.0;187.18;1.0;0.0
1085;6172;2855.26;0.0;2855.26;1.0;0.0
1086;6173;0.0;0.0;0.0;0.0;0.0
1087;6174;20.81;0.0;20.81;1.0;0.0
1088;6174;20.81;0.0;20.81;1.0;0.0
1089;6176;0.0;0.0;0.0;0.0;0.0
1090;6179;0.0;0.0;0.0;-0.0;0.0
1091;6184;133.421;0.0;133.421;0.495;0.0
1092;6188;90.146;0.0;90.146;0.305;0.0
1093;6188;295.12;0.0;295.12;1.0;0.0
1094;6189;0.0;0.0;0.0;0.0;0.0
1095;6193;0.0;0.0;0.0;0.0;0.0
1096;6193;569.9;0.0;569.9;0.74;0.0
1097;6194;0.0;0.0;0.0;0.0;0.0
1098;6194;0.0;0.0;0.0;0.0;0.0
1099;6194;0.0;0.0;0.0;0.0;0.0
1100;6195;0.0;0.0;0.0;0.0;0.0
1101;6196;0.0;0.0;0.0;0.0;0.0
1102;6196;23.28;0.0;23.28;1.0;0.0
1103;6212;0.0;0.0;0.0;0.0;0.0
1104;6215;0.0;0.0;0.0;-0.0;0.0
1105;6216;0.0;0.0;0.0;0.0;0.0
1106;6216;0.0;0.0;0.0;0.0;0.0
1107;6216;0.0;0.0;0.0;0.0;0.0
1108;6218;0.0;0.0;0.0;0.0;0.0
1109;6218;0.0;0.0;0.0;0.0;0.0
1110;6218;104.458;0.0;104.458;0.418;0.0
1111;6218;250.0;0.0;250.0;1.0;0.0
1112;6218;250.0;0.0;250.0;1.0;0.0
1113;6218;0.0;0.0;0.0;0.0;0.0
1114;6218;0.0;0.0;0.0;0.0;0.0
1115;6219;665.0;0.0;665.0;1.0;0.0
1116;6221;90.24;0.0;90.24;1.0;0.0
1117;6222;1100.0;0.0;1100.0;1.0;0.0
1118;6226;95.25;0.0;95.25;1.0;0.0
1119;6229;0.0;0.0;0.0;0.0;0.0
1120;6229;0.0;0.0;0.0;0.0;0.0
1121;6231;0.0;0.0;0.0;0.0;0.0
1122;6231;0.0;0.0;0.0;0.0;0.0
1123;6239;0.0;0.0;0.0;0.0;0.0
1124;6245;0.0;0.0;0.0;0.0;0.0
1125;6247;970.0;0.0;970.0;1.0;0.0
1126;6247;298.523;0.0;298.523;0.58;0.0
1127;6247;370.0;0.0;370.0;1.0;0.0
1128;6255;0.0;0.0;0.0;-0.0;0.0
1129;6256;0.0;0.0;0.0;-0.0;0.0
1130;6257;0.0;0.0;0.0;0.0;0.0
1131;6258;0.0;0.0;0.0;0.0;0.0
1132;6259;0.0;0.0;0.0;0.0;0.0
1133;6260;86.0;0.0;86.0;1.0;0.0
1134;6261;0.0;0.0;0.0;0.0;0.0
1135;6262;124.0;0.0;124.0;1.0;0.0
1136;6263;0.0;0.0;0.0;0.0;0.0
1137;6264;32.0;0.0;32.0;1.0;0.0
1138;6265;32.0;0.0;32.0;1.0;0.0
1139;6266;0.0;0.0;0.0;0.0;0.0
1140;6267;92.0;0.0;92.0;1.0;0.0
1141;6268;92.0;0.0;92.0;1.0;0.0
1142;6269;0.0;0.0;0.0;0.0;0.0
1143;6270;92.0;0.0;92.0;1.0;0.0
1144;6271;0.0;0.0;0.0;0.0;0.0
1145;6272;92.0;0.0;92.0;1.0;0.0
1146;6273;938.11;0.0;938.11;1.0;0.0
1147;6274;975.08;0.0;975.08;1.0;0.0
1148;6275;969.11;0.0;969.11;1.0;0.0
1149;6276;939.11;0.0;939.11;1.0;0.0
1150;6278;252.0;0.0;252.0;1.0;0.0
1151;6279;250.0;0.0;250.0;1.0;0.0
1152;6280;250.0;0.0;250.0;1.0;0.0
1153;6281;302.0;0.0;302.0;0.984;0.0
1154;6282;89.0;0.0;89.0;0.0;0.0
1155;6283;0.0;0.0;0.0;0.0;0.0
1156;6284;58.0;0.0;58.0;1.0;0.0
1157;6285;58.0;0.0;58.0;1.0;0.0
1158;6286;58.0;0.0;58.0;1.0;0.0
1159;6287;0.0;0.0;0.0;0.0;0.0
1160;6288;263.0;0.0;263.0;1.0;0.0
1161;6289;0.0;0.0;0.0;0.0;0.0
1162;6290;49.0;0.0;49.0;1.0;0.0
1163;6291;49.0;0.0;49.0;1.0;0.0
1164;6292;0.0;0.0;0.0;0.0;0.0
1165;6293;0.0;0.0;0.0;0.0;0.0
1166;6294;32.0;0.0;32.0;1.0;0.0
1167;6295;937.1;0.0;937.1;1.0;0.0
1168;6296;936.21;0.0;936.21;1.0;0.0
1169;6297;917.09;0.0;917.09;1.0;0.0
1170;6298;916.19;0.0;916.19;1.0;0.0
1171;6299;1308.0;0.0;1308.0;1.0;0.0
1172;6300;1308.0;0.0;1308.0;1.0;0.0
1173;6301;0.0;0.0;0.0;0.0;0.0
1174;6302;0.0;0.0;0.0;0.0;0.0
1175;6303;35.0;0.0;35.0;1.0;0.0
1176;6304;0.0;0.0;0.0;0.0;0.0
1177;6305;0.0;0.0;0.0;0.0;0.0
1178;6306;0.0;0.0;0.0;0.0;0.0
1179;6307;0.0;0.0;0.0;0.0;0.0
1180;6308;1330.0;0.0;1330.0;1.0;0.0
1181;6309;1360.0;0.0;1360.0;1.0;0.0
1182;6310;1360.0;0.0;1360.0;1.0;0.0
1183;6311;0.0;0.0;0.0;0.0;0.0
1184;6312;0.0;0.0;0.0;0.0;0.0
1185;6313;0.0;0.0;0.0;0.0;0.0
1186;6314;1.4;0.0;1.4;0.0;0.0
1187;6315;240.0;0.0;240.0;1.0;0.0
1188;6316;-240.0;0.0;-240.0;0.0;0.0
1189;6317;939.03;0.0;939.03;1.0;0.0
1190;6319;950.06;0.0;950.06;1.0;0.0
1191;6320;948.06;0.0;948.06;1.0;0.0
1192;6321;1503.0;0.0;1503.0;1.0;0.0
1193;6322;1503.0;0.0;1503.0;1.0;0.0
1194;6323;1498.0;0.0;1498.0;1.0;0.0
1195;6324;1498.0;0.0;1498.0;1.0;0.0
1196;6325;125.0;0.0;125.0;1.0;0.0
1197;6326;125.0;0.0;125.0;1.0;0.0
1198;6327;148.2;0.0;148.2;1.0;0.0
1199;6328;0.0;0.0;0.0;-0.0;0.0
1200;6329;610.0;0.0;610.0;1.0;0.0
1201;6330;310.0;0.0;310.0;0.0;0.0
1202;6332;0.0;0.0;0.0;-0.0;0.0
1203;6333;0.0;0.0;0.0;0.0;0.0
1204;6334;0.0;0.0;0.0;0.0;0.0
1205;6335;50.0;0.0;50.0;1.0;0.0
1206;6336;0.0;0.0;0.0;0.0;0.0
1207;6337;50.0;0.0;50.0;1.0;0.0
1208;6338;0.0;0.0;0.0;0.0;0.0
1209;6339;1000.0;0.0;1000.0;1.0;0.0
1210;6340;1000.0;0.0;1000.0;1.0;0.0
1211;6341;1000.0;0.0;1000.0;1.0;0.0
1212;6342;930.0;0.0;930.0;1.0;0.0
1213;6343;0.0;0.0;0.0;0.0;0.0
1214;6344;57.0;0.0;57.0;1.0;0.0
1215;6345;0.0;0.0;0.0;-0.0;0.0
1216;6346;0.0;0.0;0.0;-0.0;0.0
1217;6347;248.8;0.0;248.8;0.0;0.0
1218;6348;922.95;0.0;922.95;1.0;0.0
1219;6349;922.95;0.0;922.95;1.0;0.0
1220;6350;929.95;0.0;929.95;1.0;0.0
1221;6351;944.96;0.0;944.96;1.0;0.0
1222;6352;0.0;0.0;0.0;0.0;0.0
1223;6353;1380.0;0.0;1380.0;1.0;0.0
1224;6354;1380.0;0.0;1380.0;1.0;0.0
1225;6355;31.5;0.0;31.5;1.0;0.0
1226;6356;65.0;0.0;65.0;1.0;0.0
1227;6357;0.0;0.0;0.0;0.0;0.0
1228;6358;65.0;0.0;65.0;1.0;0.0
1229;6359;0.0;0.0;0.0;0.0;0.0
1230;6360;0.0;0.0;0.0;0.0;0.0
1231;6361;1308.0;0.0;1308.0;1.0;0.0
1232;6362;1308.0;0.0;1308.0;1.0;0.0
1233;6363;0.0;0.0;0.0;0.0;0.0
1234;6364;0.0;0.0;0.0;0.0;0.0
1235;6365;458.26;0.0;458.26;1.0;0.0
1236;6366;36.0;0.0;36.0;1.0;0.0
1237;6367;947.0;0.0;947.0;1.0;0.0
1238;6368;267.0;0.0;267.0;0.0;0.0
1239;6369;947.0;0.0;947.0;1.0;0.0
1240;6370;947.0;0.0;947.0;1.0;0.0
1241;6371;947.0;0.0;947.0;1.0;0.0
1242;6372;947.0;0.0;947.0;1.0;0.0
1243;6373;0.0;0.0;0.0;-0.0;0.0
1244;6374;456.8;0.0;456.8;1.0;0.0
1245;6375;130.0;0.0;130.0;0.0;0.0
1246;6376;0.0;0.0;0.0;-0.0;0.0
1247;6377;0.0;0.0;0.0;-0.0;0.0
1248;6379;0.0;0.0;0.0;0.0;0.0
1249;6380;0.0;0.0;0.0;0.0;0.0
1250;6381;31.0;0.0;31.0;1.0;0.0
1251;6382;31.0;0.0;31.0;1.0;0.0
1252;6383;19.5;0.0;19.5;1.0;0.0
1253;6384;19.5;0.0;19.5;1.0;0.0
1254;6385;0.0;0.0;0.0;0.0;0.0
1255;6386;0.0;0.0;0.0;0.0;0.0
1256;6387;0.0;0.0;0.0;0.0;0.0
1257;6388;0.0;0.0;0.0;0.0;0.0
1258;6389;0.0;0.0;0.0;0.0;0.0
1259;6390;0.0;0.0;0.0;-0.0;0.0
1260;6391;47.0;0.0;47.0;1.0;0.0
1261;6392;47.0;0.0;47.0;1.0;0.0
1262;6393;0.0;0.0;0.0;0.0;0.0
1263;6394;69.0;0.0;69.0;1.0;0.0
1264;6395;76.0;0.0;76.0;1.0;0.0
1265;6396;77.5;0.0;77.5;1.0;0.0
1266;6397;0.0;0.0;0.0;0.0;0.0
1267;6398;0.0;0.0;0.0;0.0;0.0
1268;6399;0.0;0.0;0.0;0.0;0.0
1269;6400;0.0;0.0;0.0;0.0;0.0
1270;6401;0.0;0.0;0.0;0.0;0.0
1271;6402;37.0;0.0;37.0;1.0;0.0
1272;6403;37.0;0.0;37.0;1.0;0.0
1273;6404;37.0;0.0;37.0;1.0;0.0
1274;6405;137.0;0.0;137.0;0.0;0.0
1275;6406;250.0;0.0;250.0;1.0;0.0
1276;6407;0.0;0.0;0.0;0.0;0.0
1277;6408;19.0;0.0;19.0;1.0;0.0
1278;6409;0.0;0.0;0.0;0.0;0.0
1279;6410;419.9;0.0;419.9;1.0;0.0
1280;6411;0.0;0.0;0.0;0.0;0.0
1281;6412;0.0;0.0;0.0;0.0;0.0
1282;6413;0.0;0.0;0.0;-0.0;0.0
1283;6414;0.0;0.0;0.0;-0.0;0.0
1284;6415;227.0;0.0;227.0;1.0;0.0
1285;6416;-218.0;0.0;-218.0;0.0;0.0
1286;6417;227.0;0.0;227.0;1.0;0.0
1287;6418;227.0;0.0;227.0;1.0;0.0
1288;6419;65.0;0.0;65.0;1.0;0.0
1289;6420;0.0;0.0;0.0;0.0;0.0
1290;6421;950.0;0.0;950.0;1.0;0.0
1291;6422;950.0;0.0;950.0;1.0;0.0
1292;6423;288.0;0.0;288.0;0.811;0.0
1293;6424;191.0;0.0;191.0;1.0;0.0
1294;6425;0.0;0.0;0.0;-0.0;0.0
1295;6426;1360.0;0.0;1360.0;1.0;0.0
1296;6427;61.0;0.0;61.0;1.0;0.0
1297;6428;0.0;0.0;0.0;0.0;0.0
1298;6429;0.0;0.0;0.0;0.0;0.0
1299;6430;1380.0;0.0;1380.0;1.0;0.0
1300;6431;1380.0;0.0;1380.0;1.0;0.0
1301;6432;1380.0;0.0;1380.0;1.0;0.0
1302;6433;1290.0;0.0;1290.0;1.0;0.0
1303;6434;0.8;0.0;0.8;0.0;0.0
1304;6435;1380.0;0.0;1380.0;1.0;0.0
1305;6436;1380.0;0.0;1380.0;1.0;0.0
1306;6437;0.0;0.0;0.0;-0.0;0.0
1307;6438;0.0;0.0;0.0;-0.0;0.0
1308;6439;598.0;0.0;598.0;1.0;0.0
1309;6440;0.0;0.0;0.0;-0.0;0.0
1310;6441;0.0;0.0;0.0;0.0;0.0
1311;6442;0.0;0.0;0.0;0.0;0.0
1312;6443;0.0;0.0;0.0;0.0;0.0
1313;6444;80.0;0.0;80.0;1.0;0.0
1314;6445;245.0;0.0;245.0;1.0;0.0
1315;6446;503.0;0.0;503.0;0.671;0.0
1316;6447;56.0;0.0;56.0;1.0;0.0
1317;6448;56.0;0.0;56.0;1.0;0.0
1318;6449;47.0;0.0;47.0;0.81;0.0
1319;6450;0.0;0.0;0.0;0.0;0.0
1320;6451;0.0;0.0;0.0;0.0;0.0
1321;6452;230.8;0.0;230.8;0.0;0.0
1322;6453;41.0;0.0;41.0;1.0;0.0
1323;6454;0.0;0.0;0.0;0.0;0.0
1324;6455;0.0;0.0;0.0;0.0;0.0
1325;6456;0.0;0.0;0.0;0.0;0.0
1326;6457;0.0;0.0;0.0;0.0;0.0
1327;6458;0.0;0.0;0.0;0.0;0.0
1328;6459;0.0;0.0;0.0;0.0;0.0
1329;6460;0.0;0.0;0.0;0.0;0.0
1330;6461;180.0;0.0;180.0;1.0;0.0
1331;6462;180.0;0.0;180.0;1.0;0.0
1332;6463;180.0;0.0;180.0;1.0;0.0
1333;6464;180.0;0.0;180.0;1.0;0.0
1334;6465;32.0;0.0;32.0;1.0;0.0
1335;6466;0.0;0.0;0.0;0.0;0.0
1336;6467;0.0;0.0;0.0;0.0;0.0
1337;6468;0.0;0.0;0.0;0.0;0.0
1338;6469;0.0;0.0;0.0;0.0;0.0
1339;6470;44.0;0.0;44.0;1.0;0.0
1340;6471;0.0;0.0;0.0;0.0;0.0
1341;6472;0.0;0.0;0.0;0.0;0.0
1342;6473;38.0;0.0;38.0;1.0;0.0
1343;6474;0.0;0.0;0.0;0.0;0.0
1344;6475;38.0;0.0;38.0;1.0;0.0
1345;6476;66.0;0.0;66.0;1.0;0.0
1346;6477;84.0;0.0;84.0;1.0;0.0
1347;6478;84.0;0.0;84.0;1.0;0.0
1348;6479;0.0;0.0;0.0;0.0;0.0
1349;6480;0.0;0.0;0.0;0.0;0.0
1350;6481;81.0;0.0;81.0;1.0;0.0
1351;6482;81.0;0.0;81.0;1.0;0.0
1352;6483;0.0;0.0;0.0;0.0;0.0
1353;6484;130.0;0.0;130.0;1.0;0.0
1354;6485;1102.566;0.0;1102.566;0.781;0.0
1355;6486;1332.0;0.0;1332.0;1.0;0.0
1356;6487;150.0;0.0;150.0;0.0;0.0
1357;6488;595.0;0.0;595.0;1.0;0.0
1358;6489;443.0;0.0;443.0;1.0;0.0
1359;6490;443.0;0.0;443.0;1.0;0.0
1360;6491;0.0;0.0;0.0;0.0;0.0
1361;6492;50.0;0.0;50.0;1.0;0.0
1362;6493;30.0;0.0;30.0;1.0;0.0
1363;6494;30.0;0.0;30.0;1.0;0.0
1364;6495;85.0;0.0;85.0;1.0;0.0
1365;6496;0.0;0.0;0.0;-0.0;0.0
1366;6497;949.89;0.0;949.89;1.0;0.0
1367;6498;952.89;0.0;952.89;1.0;0.0
1368;6499;49.0;0.0;49.0;1.0;0.0
1369;6500;0.0;0.0;0.0;0.0;0.0
1370;6501;49.0;0.0;49.0;1.0;0.0
1371;6502;156.0;0.0;156.0;1.0;0.0
1372;6503;99.0;0.0;99.0;1.0;0.0
1373;6504;0.0;0.0;0.0;0.0;0.0
1374;6505;985.0;0.0;985.0;1.0;0.0
1375;6506;985.0;0.0;985.0;1.0;0.0
1376;6507;985.0;0.0;985.0;1.0;0.0
1377;6508;985.0;0.0;985.0;1.0;0.0
1378;6509;0.0;0.0;0.0;-0.0;0.0
1379;6510;0.0;0.0;0.0;-0.0;0.0
1380;6511;0.0;0.0;0.0;-0.0;0.0
1381;6512;-64.0;0.0;-64.0;0.0;0.0
1382;6513;-64.0;0.0;-64.0;0.0;0.0
1383;6514;-64.0;0.0;-64.0;0.0;0.0
1384;6515;268.0;0.0;268.0;1.0;0.0
1385;6516;138.0;0.0;138.0;0.0;0.0
1386;6517;180.0;0.0;180.0;1.0;0.0
1387;6518;0.0;0.0;0.0;0.0;0.0
1388;6519;128.0;0.0;128.0;1.0;0.0
